<?xml version="1.0" encoding="UTF-8"?>
<project-private xmlns="http://www.netbeans.org/ns/project-private/1">
    <editor-bookmarks xmlns="http://www.netbeans.org/ns/editor-bookmarks/2" lastBookmarkId="0"/>
    <open-files xmlns="http://www.netbeans.org/ns/projectui-open-files/2">
        <group>
            <file>file:/C:/wamp/www/ECommerceProject/Projet/application/models/Musician/Musician_model.php</file>
            <file>file:/C:/wamp/www/ECommerceProject/Projet/application/views/Musician/about_singer.php</file>
            <file>file:/C:/wamp/www/ECommerceProject/Projet/application/controllers/Instrument.php</file>
            <file>file:/C:/wamp/www/ECommerceProject/Projet/application/models/Album/Album_model.php</file>
            <file>file:/C:/wamp/www/ECommerceProject/Projet/application/views/Musician/about_composer.php</file>
            <file>file:/C:/wamp/www/ECommerceProject/Projet/application/controllers/Musician.php</file>
            <file>file:/C:/wamp/www/ECommerceProject/Projet/application/models/Musician/Singer_model.php</file>
            <file>file:/C:/wamp/www/ECommerceProject/Projet/application/models/Instruments/Instrument_model.php</file>
        </group>
    </open-files>
</project-private>
